<?xml version="1.0" encoding="UTF-8"?>
<project-private xmlns="http://www.netbeans.org/ns/project-private/1">
    <editor-bookmarks xmlns="http://www.netbeans.org/ns/editor-bookmarks/2" lastBookmarkId="0"/>
    <open-files xmlns="http://www.netbeans.org/ns/projectui-open-files/2">
        <group>
            <file>file:/C:/xampp/htdocs/LAMrobotica/js/main.js</file>
            <file>file:/C:/xampp/htdocs/LAMrobotica/index.php</file>
            <file>file:/C:/xampp/htdocs/LAMrobotica/resources/contact.html</file>
            <file>file:/C:/xampp/htdocs/LAMrobotica/contacto.php</file>
            <file>file:/C:/xampp/htdocs/LAMrobotica/css/main.css</file>
            <file>file:/C:/xampp/htdocs/LAMrobotica/resources/serivces.html</file>
            <file>file:/C:/xampp/htdocs/LAMrobotica/empresa.php</file>
            <file>file:/C:/xampp/htdocs/LAMrobotica/resources/home.html</file>
            <file>file:/C:/xampp/htdocs/LAMrobotica/css/home.css</file>
            <file>file:/C:/xampp/htdocs/LAMrobotica/resources/header.html</file>
            <file>file:/C:/xampp/htdocs/LAMrobotica/servicios.php</file>
            <file>file:/C:/xampp/htdocs/LAMrobotica/sectores.php</file>
        </group>
    </open-files>
</project-private>
